,ID,Status,Created At,Text,Polarity
199,1264859798891266051,retweet,2020-05-25 10:04:10,Questioning  definition of Secularism on facbook  resultant into ban. is it to appease a particular community? #AntiHindu_Facebook,0
198,1264835153983127552,tweet,2020-05-25 08:26:14,#Promote your upcoming #album on #ArtistRack https://t.co/rO4IjuIqm4 and get a #shoutout on #Instagram #Twitter #Facbook #music  #SPOTIFY #SPOTIFYPLAYLIST #MUSIC #MUSICPROMO #EDMMUSIC #EDMMUSIC #POPMUSIC #HIPHOP #HOUSEMUSIC https://t.co/xVFe2JAe2w,0
197,1264835153605656578,tweet,2020-05-25 08:26:14,#Promote your upcoming #album on #ArtistRack https://t.co/ulYlcRKK8P and get a #shoutout on #Instagram #Twitter #Facbook #music  #SPOTIFY #SPOTIFYPLAYLIST #MUSIC #MUSICPROMO #EDMMUSIC #EDMMUSIC #POPMUSIC #HIPHOP #HOUSEMUSIC https://t.co/7OxZI1u2wq,0
196,1264805222846738439,tweet,2020-05-25 06:27:18,#Promote your upcoming #album on #ArtistRack https://t.co/ulYlcRKK8P and get a #shoutout on #Instagram #Twitter #Facbook #music  #SPOTIFY #SPOTIFYPLAYLIST #MUSIC #MUSICPROMO #EDMMUSIC #EDMMUSIC #POPMUSIC #HIPHOP #HOUSEMUSIC https://t.co/0J7CZayWJA,0
195,1264805216840531969,tweet,2020-05-25 06:27:17,#Promote your upcoming #album on #ArtistRack https://t.co/rO4IjuIqm4 and get a #shoutout on #Instagram #Twitter #Facbook #music  #SPOTIFY #SPOTIFYPLAYLIST #MUSIC #MUSICPROMO #EDMMUSIC #EDMMUSIC #POPMUSIC #HIPHOP #HOUSEMUSIC https://t.co/MDb2SSWL6F,0
194,1264798116907290625,retweet,2020-05-25 05:59:04,"Saw all the streak, stories on whatsapp, instagram, snapchat as well as Facbook now what?",0
193,1264793594025652224,tweet,2020-05-25 05:41:06,"idk if this is an edit but imma tell you beforehand that i saw these on facbook, credits to those who edited this (if this is an edit)  BUT GUN FUCKING ATTHAPHAN WHAT THE‚Äî https://t.co/rQBNEyp3Dn",0
192,1264792948304162817,tweet,2020-05-25 05:38:32,Our live set is up on @GKEOfficial Facbook. Check it out üëÄ https://t.co/GgV3yjRyXG,0
191,1264777037094555648,tweet,2020-05-25 04:35:18,#Promote your upcoming #album on #ArtistRack https://t.co/ulYlcRKK8P and get a #shoutout on #Instagram #Twitter #Facbook #music  #SPOTIFY #SPOTIFYPLAYLIST #MUSIC #MUSICPROMO #EDMMUSIC #EDMMUSIC #POPMUSIC #HIPHOP #HOUSEMUSIC https://t.co/BQroVdBJKo,0
190,1264777031293841421,tweet,2020-05-25 04:35:17,#Promote your upcoming #album on #ArtistRack https://t.co/rO4IjuIqm4 and get a #shoutout on #Instagram #Twitter #Facbook #music  #SPOTIFY #SPOTIFYPLAYLIST #MUSIC #MUSICPROMO #EDMMUSIC #EDMMUSIC #POPMUSIC #HIPHOP #HOUSEMUSIC https://t.co/aoxETkdOSz,0
188,1264747576278102026,tweet,2020-05-25 02:38:14,#Promote your upcoming #album on #ArtistRack https://t.co/rO4IjuIqm4 and get a #shoutout on #Instagram #Twitter #Facbook #music  #SPOTIFY #SPOTIFYPLAYLIST #MUSIC #MUSICPROMO #EDMMUSIC #EDMMUSIC #POPMUSIC #HIPHOP #HOUSEMUSIC https://t.co/Cdwhgw40X9,0
189,1264747576777154561,tweet,2020-05-25 02:38:14,#Promote your upcoming #album on #ArtistRack https://t.co/ulYlcRKK8P and get a #shoutout on #Instagram #Twitter #Facbook #music  #SPOTIFY #SPOTIFYPLAYLIST #MUSIC #MUSICPROMO #EDMMUSIC #EDMMUSIC #POPMUSIC #HIPHOP #HOUSEMUSIC https://t.co/sWnrSKpGNB,0
187,1264725198374187008,tweet,2020-05-25 01:09:19,I uninstall my facbook and messenger hahaha happy?,0
186,1264719116583211009,tweet,2020-05-25 00:45:09,#Promote your upcoming #album on #ArtistRack https://t.co/ulYlcRKK8P and get a #shoutout on #Instagram #Twitter #Facbook #music  #SPOTIFY #SPOTIFYPLAYLIST #MUSIC #MUSICPROMO #EDMMUSIC #EDMMUSIC #POPMUSIC #HIPHOP #HOUSEMUSIC https://t.co/AkywXBCiTz,0
185,1264719114637107201,tweet,2020-05-25 00:45:08,#Promote your upcoming #album on #ArtistRack https://t.co/rO4IjuIqm4 and get a #shoutout on #Instagram #Twitter #Facbook #music  #SPOTIFY #SPOTIFYPLAYLIST #MUSIC #MUSICPROMO #EDMMUSIC #EDMMUSIC #POPMUSIC #HIPHOP #HOUSEMUSIC https://t.co/7UtROWMXRS,0
184,1264692184978161664,tweet,2020-05-24 22:58:08,"@HillaryClinton not a bot, and twitter, facbook and youtube are deleting what real docs have to say... in case you missed it...",0
183,1264689941755330561,tweet,2020-05-24 22:49:13,#Promote your upcoming #album on #ArtistRack https://t.co/ulYlcRKK8P and get a #shoutout on #Instagram #Twitter #Facbook #music  #SPOTIFY #SPOTIFYPLAYLIST #MUSIC #MUSICPROMO #EDMMUSIC #EDMMUSIC #POPMUSIC #HIPHOP #HOUSEMUSIC https://t.co/3WsqDXJYTL,0
182,1264689940912312320,tweet,2020-05-24 22:49:13,#Promote your upcoming #album on #ArtistRack https://t.co/rO4IjuIqm4 and get a #shoutout on #Instagram #Twitter #Facbook #music  #SPOTIFY #SPOTIFYPLAYLIST #MUSIC #MUSICPROMO #EDMMUSIC #EDMMUSIC #POPMUSIC #HIPHOP #HOUSEMUSIC https://t.co/2I60t8iHUv,0
181,1264687561563348994,retweet,2020-05-24 22:39:46,I will NEVER understand why albanian girls love to gossip talk in Albanian facbook groups üòÖ,0
180,1264683879308447744,retweet,2020-05-24 22:25:08,I will NEVER understand why albanian girls love to gossip talk in Albanian facbook groups üòÖ,0
179,1264683724446339076,tweet,2020-05-24 22:24:31,I will NEVER understand why albanian girls love to gossip talk in Albanian facbook groups üòÖ,0
178,1264677492671029249,tweet,2020-05-24 21:59:45,"Saw all the streak, stories on whatsapp, instagram, snapchat as well as Facbook now what?",0
177,1264659773498306562,tweet,2020-05-24 20:49:20,#Promote your upcoming #album on #ArtistRack https://t.co/ulYlcRKK8P and get a #shoutout on #Instagram #Twitter #Facbook #music  #SPOTIFY #SPOTIFYPLAYLIST #MUSIC #MUSICPROMO #EDMMUSIC #EDMMUSIC #POPMUSIC #HIPHOP #HOUSEMUSIC https://t.co/TwIavNayw5,0
176,1264659764866420736,tweet,2020-05-24 20:49:18,#Promote your upcoming #album on #ArtistRack https://t.co/rO4IjuIqm4 and get a #shoutout on #Instagram #Twitter #Facbook #music  #SPOTIFY #SPOTIFYPLAYLIST #MUSIC #MUSICPROMO #EDMMUSIC #EDMMUSIC #POPMUSIC #HIPHOP #HOUSEMUSIC https://t.co/jaAOS9lZb6,0
175,1264656717524209665,retweet,2020-05-24 20:37:12,"We love what we do so we serve you with Healthy Rabbit weaners, Matured and Rabbit Meat..  We set up rabbit farms and stock u with the best breeds for commercial or home pets..  Contact 0245855141 / 0264776101 https://t.co/gqkHUnKXz8 https://t.co/veVSPAm6xH",0
174,1264651856820740098,tweet,2020-05-24 20:17:53,Dual streaming on Twitch &amp; Facbook  Links below. Come by chill &amp; chat :)  https://t.co/3DSV7B5NVd  https://t.co/gmqjDschSq https://t.co/n0PVVTrthU,0
173,1264643054876659713,tweet,2020-05-24 19:42:54,Aami Decor wishes you Eid Mubarak to you and your family. Stay home stay safe  #eid #eidmubarak #eid2020 https://t.co/RuNq1FjHwl https://t.co/UCWjsUzJQL https://t.co/OdzeUztXR3 https://t.co/lwrqFxLcjQ https://t.co/70i6uAe4mg,0
172,1264635528361713666,retweet,2020-05-24 19:13:00,#Promote your upcoming #album on #ArtistRack https://t.co/rO4IjuIqm4 and get a #shoutout on #Instagram #Twitter #Facbook #music  #SPOTIFY #SPOTIFYPLAYLIST #MUSIC #MUSICPROMO #EDMMUSIC #EDMMUSIC #POPMUSIC #HIPHOP #HOUSEMUSIC https://t.co/gZmbVQoApw,0
171,1264631096261648387,tweet,2020-05-24 18:55:23,#Promote your upcoming #album on #ArtistRack https://t.co/ulYlcRKK8P and get a #shoutout on #Instagram #Twitter #Facbook #music  #SPOTIFY #SPOTIFYPLAYLIST #MUSIC #MUSICPROMO #EDMMUSIC #EDMMUSIC #POPMUSIC #HIPHOP #HOUSEMUSIC https://t.co/nmli80l3xF,0
170,1264631093862510598,tweet,2020-05-24 18:55:23,#Promote your upcoming #album on #ArtistRack https://t.co/rO4IjuIqm4 and get a #shoutout on #Instagram #Twitter #Facbook #music  #SPOTIFY #SPOTIFYPLAYLIST #MUSIC #MUSICPROMO #EDMMUSIC #EDMMUSIC #POPMUSIC #HIPHOP #HOUSEMUSIC https://t.co/gZmbVQoApw,0
169,1264622434252132354,retweet,2020-05-24 18:20:58,What is best for Business Growth &amp; engaging platform??  #Instagram #Twitter #businessgrowthplatform #whoisbetter #facbook,0
168,1264602045346168834,retweet,2020-05-24 16:59:57,Questioning  definition of Secularism on facbook  resultant into ban. is it to appease a particular community? #AntiHindu_Facebook,0
167,1264601686070493184,tweet,2020-05-24 16:58:31,#Promote your upcoming #album on #ArtistRack https://t.co/ulYlcRKK8P and get a #shoutout on #Instagram #Twitter #Facbook #music  #SPOTIFY #SPOTIFYPLAYLIST #MUSIC #MUSICPROMO #EDMMUSIC #EDMMUSIC #POPMUSIC #HIPHOP #HOUSEMUSIC https://t.co/wxriEWv0O0,0
166,1264601624686866433,tweet,2020-05-24 16:58:17,#Promote your upcoming #album on #ArtistRack https://t.co/rO4IjuIqm4 and get a #shoutout on #Instagram #Twitter #Facbook #music  #SPOTIFY #SPOTIFYPLAYLIST #MUSIC #MUSICPROMO #EDMMUSIC #EDMMUSIC #POPMUSIC #HIPHOP #HOUSEMUSIC https://t.co/EmCGmvYBK6,0
165,1264595035032563713,tweet,2020-05-24 16:32:06,Twitter is much more entertaining than Facbook.,0
164,1264594908054032384,retweet,2020-05-24 16:31:35,Questioning  definition of Secularism on facbook  resultant into ban. is it to appease a particular community? #AntiHindu_Facebook,0
163,1264593746760552448,retweet,2020-05-24 16:26:58,Questioning  definition of Secularism on facbook  resultant into ban. is it to appease a particular community? #AntiHindu_Facebook,0
162,1264593541738758144,tweet,2020-05-24 16:26:10,"@MrDolfanatic @Publix @DanMarino @MiamiDolphins I need your help over on toxic Facbook.   33% disapprove and think it's not him.   IF YOU APPROVE ----  it is 100% him.    Hope all is well, bro!",0
161,1264589690352676868,retweet,2020-05-24 16:10:51,Questioning  definition of Secularism on facbook  resultant into ban. is it to appease a particular community? #AntiHindu_Facebook,0
160,1264589129012187137,retweet,2020-05-24 16:08:37,Questioning  definition of Secularism on facbook  resultant into ban. is it to appease a particular community? #AntiHindu_Facebook,0
159,1264588664648204288,retweet,2020-05-24 16:06:47,Questioning  definition of Secularism on facbook  resultant into ban. is it to appease a particular community? #AntiHindu_Facebook,0
158,1264588631278145536,retweet,2020-05-24 16:06:39,Questioning  definition of Secularism on facbook  resultant into ban. is it to appease a particular community? #AntiHindu_Facebook,0
157,1264586310066548737,retweet,2020-05-24 15:57:25,Questioning  definition of Secularism on facbook  resultant into ban. is it to appease a particular community? #AntiHindu_Facebook,0
156,1264586212989300736,retweet,2020-05-24 15:57:02,Questioning  definition of Secularism on facbook  resultant into ban. is it to appease a particular community? #AntiHindu_Facebook,0
155,1264581514236497922,tweet,2020-05-24 15:38:22,i started a facbook page for commissions two days ago and already have a message about a couples portrait and im just üò¨üò¨üò¨üò¨ hell yeah,0
154,1264573193735540737,tweet,2020-05-24 15:05:18,Questioning  definition of Secularism on facbook  resultant into ban. is it to appease a particular community? #AntiHindu_Facebook,0
153,1264572436563070978,tweet,2020-05-24 15:02:18,#Promote your upcoming #album on #ArtistRack https://t.co/rO4IjuIqm4 and get a #shoutout on #Instagram #Twitter #Facbook #music  #SPOTIFY #SPOTIFYPLAYLIST #MUSIC #MUSICPROMO #EDMMUSIC #EDMMUSIC #POPMUSIC #HIPHOP #HOUSEMUSIC https://t.co/q8BQUKzMi0,0
152,1264572431064272896,tweet,2020-05-24 15:02:16,#Promote your upcoming #album on #ArtistRack https://t.co/ulYlcRKK8P and get a #shoutout on #Instagram #Twitter #Facbook #music  #SPOTIFY #SPOTIFYPLAYLIST #MUSIC #MUSICPROMO #EDMMUSIC #EDMMUSIC #POPMUSIC #HIPHOP #HOUSEMUSIC https://t.co/aDlrpZgcTi,0
151,1264570121483423744,retweet,2020-05-24 14:53:06,Questioning  definition of Secularism on facbook  resultant into ban. is it to appease a particular community? #AntiHindu_Facebook,0
150,1264562054901399553,retweet,2020-05-24 14:21:02,Questioning  definition of Secularism on facbook  resultant into ban. is it to appease a particular community? #AntiHindu_Facebook,0
149,1264557634717433856,tweet,2020-05-24 14:03:29,I couldn't think of any interesting/innovative Facbook writing projects?,0
148,1264557195259076608,retweet,2020-05-24 14:01:44,Questioning  definition of Secularism on facbook  resultant into ban. is it to appease a particular community? #AntiHindu_Facebook,0
147,1264555993750331392,retweet,2020-05-24 13:56:57,Questioning  definition of Secularism on facbook  resultant into ban. is it to appease a particular community? #AntiHindu_Facebook,0
146,1264555326545842177,retweet,2020-05-24 13:54:18,Questioning  definition of Secularism on facbook  resultant into ban. is it to appease a particular community? #AntiHindu_Facebook,0
145,1264555028955553793,tweet,2020-05-24 13:53:07,Questioning  definition of Secularism on facbook  resultant into ban. is it to appease a particular community? #AntiHindu_Facebook,0
144,1264544263196545024,tweet,2020-05-24 13:10:21,#Promote your upcoming #album on #ArtistRack https://t.co/ulYlcRKK8P and get a #shoutout on #Instagram #Twitter #Facbook #music  #SPOTIFY #SPOTIFYPLAYLIST #MUSIC #MUSICPROMO #EDMMUSIC #EDMMUSIC #POPMUSIC #HIPHOP #HOUSEMUSIC https://t.co/S3oES3JhF6,0
143,1264544261221101572,tweet,2020-05-24 13:10:20,#Promote your upcoming #album on #ArtistRack https://t.co/rO4IjuIqm4 and get a #shoutout on #Instagram #Twitter #Facbook #music  #SPOTIFY #SPOTIFYPLAYLIST #MUSIC #MUSICPROMO #EDMMUSIC #EDMMUSIC #POPMUSIC #HIPHOP #HOUSEMUSIC https://t.co/t8OBUfQriY,0
142,1264543370426437632,tweet,2020-05-24 13:06:48,"EID Mubarak to all   Please like, share, follow and subscribe to HygieneX on Facbook, Twitter and Instagram.  #EidMubarak #EidUlFitr #Eid #eidmubarak2020 #Eid2020 #EidMubark  #omanpharma #hygienex #handsanitizer #protecthand #muscat #Oman https://t.co/PpspDieKwI",0
141,1264535562607890435,retweet,2020-05-24 12:35:46,"Happy Eid day wishes to all Islamic relations üòçüòçüòç  S. Jagadeesan,  https://t.co/DL5oFAHdaz https://t.co/H0NJiqH8qH https://t.co/e9NtISQrxC https://t.co/PxlPUga8Zw  #EidMubarak #RamadanMubarak #Ramadan https://t.co/uQnuEUEyDs",0
140,1264535191600549889,tweet,2020-05-24 12:34:18,"Happy Eid day wishes to all Islamic relations üòçüòçüòç  S. Jagadeesan,  https://t.co/DL5oFAHdaz https://t.co/H0NJiqH8qH https://t.co/e9NtISQrxC https://t.co/PxlPUga8Zw  #EidMubarak #RamadanMubarak #Ramadan https://t.co/uQnuEUEyDs",0
138,1264516086340497409,tweet,2020-05-24 11:18:23,#Promote your upcoming #album on #ArtistRack https://t.co/ulYlcRKK8P and get a #shoutout on #Instagram #Twitter #Facbook #music  #SPOTIFY #SPOTIFYPLAYLIST #MUSIC #MUSICPROMO #EDMMUSIC #EDMMUSIC #POPMUSIC #HIPHOP #HOUSEMUSIC https://t.co/OA0qZkATLa,0
139,1264516087636525056,tweet,2020-05-24 11:18:23,#Promote your upcoming #album on #ArtistRack https://t.co/rO4IjuIqm4 and get a #shoutout on #Instagram #Twitter #Facbook #music  #SPOTIFY #SPOTIFYPLAYLIST #MUSIC #MUSICPROMO #EDMMUSIC #EDMMUSIC #POPMUSIC #HIPHOP #HOUSEMUSIC https://t.co/LXufHqlZ0x,0
137,1264509795026866182,tweet,2020-05-24 10:53:23,saw this on facbook üíÄüíÄ https://t.co/Z32btE9Ghi,0
136,1264485888811294720,tweet,2020-05-24 09:18:23,#Promote your upcoming #album on #ArtistRack https://t.co/ulYlcRKK8P and get a #shoutout on #Instagram #Twitter #Facbook #music  #SPOTIFY #SPOTIFYPLAYLIST #MUSIC #MUSICPROMO #EDMMUSIC #EDMMUSIC #POPMUSIC #HIPHOP #HOUSEMUSIC https://t.co/57FZVo1zsK,0
135,1264485888719028224,tweet,2020-05-24 09:18:23,#Promote your upcoming #album on #ArtistRack https://t.co/rO4IjuIqm4 and get a #shoutout on #Instagram #Twitter #Facbook #music  #SPOTIFY #SPOTIFYPLAYLIST #MUSIC #MUSICPROMO #EDMMUSIC #EDMMUSIC #POPMUSIC #HIPHOP #HOUSEMUSIC https://t.co/zk0MlMZwz6,0
134,1264464961079848963,tweet,2020-05-24 07:55:14,Yeah facbook talks too much too!,0
133,1264464603238416388,tweet,2020-05-24 07:53:48,Eid is a day to cheer and to laugh with all your heart. It‚Äôs a day to be grateful to Allah for all of his heavenly blessings on us. Wishing you a happy Eid.#eidmubarak #graphicdesigner  Follow Now : ‚Ä¢Facbook id - https://t.co/zu5yH7nyNV ‚Ä¢Insta id- https://t.co/MKRjSEo0T0 https://t.co/P6oFdQ9qmu,0
132,1264457958177615874,tweet,2020-05-24 07:27:24,#Promote your upcoming #album on #ArtistRack https://t.co/ulYlcRKK8P and get a #shoutout on #Instagram #Twitter #Facbook #music  #SPOTIFY #SPOTIFYPLAYLIST #MUSIC #MUSICPROMO #EDMMUSIC #EDMMUSIC #POPMUSIC #HIPHOP #HOUSEMUSIC https://t.co/Xa5CVNaYz5,0
131,1264457953714855936,tweet,2020-05-24 07:27:23,#Promote your upcoming #album on #ArtistRack https://t.co/rO4IjuIqm4 and get a #shoutout on #Instagram #Twitter #Facbook #music  #SPOTIFY #SPOTIFYPLAYLIST #MUSIC #MUSICPROMO #EDMMUSIC #EDMMUSIC #POPMUSIC #HIPHOP #HOUSEMUSIC https://t.co/MYHfvPhz85,0
130,1264450967619227648,tweet,2020-05-24 06:59:37,@ibwfrizjay Hannah ojoh @hannahojoh00  zoom this guy pic and snd it to m on facbook,0
129,1264450682712621064,tweet,2020-05-24 06:58:29,@ibwfrizjay zoom this guy pic and snd it to m on facbook,0
128,1264438807845199872,tweet,2020-05-24 06:11:18,What is best for Business Growth &amp; engaging platform??  #Instagram #Twitter #businessgrowthplatform #whoisbetter #facbook,0
127,1264428747068973056,tweet,2020-05-24 05:31:19,#Promote your upcoming #album on #ArtistRack https://t.co/ulYlcRKK8P and get a #shoutout on #Instagram #Twitter #Facbook #music  #SPOTIFY #SPOTIFYPLAYLIST #MUSIC #MUSICPROMO #EDMMUSIC #EDMMUSIC #POPMUSIC #HIPHOP #HOUSEMUSIC https://t.co/wPjTqSJUpz,0
126,1264428743059222529,tweet,2020-05-24 05:31:18,#Promote your upcoming #album on #ArtistRack https://t.co/rO4IjuIqm4 and get a #shoutout on #Instagram #Twitter #Facbook #music  #SPOTIFY #SPOTIFYPLAYLIST #MUSIC #MUSICPROMO #EDMMUSIC #EDMMUSIC #POPMUSIC #HIPHOP #HOUSEMUSIC https://t.co/IBa0qyRYOG,0
125,1264399297833054208,tweet,2020-05-24 03:34:18,#Promote your upcoming #album on #ArtistRack https://t.co/rO4IjuIqm4 and get a #shoutout on #Instagram #Twitter #Facbook #music  #SPOTIFY #SPOTIFYPLAYLIST #MUSIC #MUSICPROMO #EDMMUSIC #EDMMUSIC #POPMUSIC #HIPHOP #HOUSEMUSIC https://t.co/pFBI0hlzy5,0
124,1264399297778458627,tweet,2020-05-24 03:34:18,#Promote your upcoming #album on #ArtistRack https://t.co/ulYlcRKK8P and get a #shoutout on #Instagram #Twitter #Facbook #music  #SPOTIFY #SPOTIFYPLAYLIST #MUSIC #MUSICPROMO #EDMMUSIC #EDMMUSIC #POPMUSIC #HIPHOP #HOUSEMUSIC https://t.co/udl9ZNFkAh,0
123,1264390710553427968,retweet,2020-05-24 03:00:11,Final version and links for more of my stuff visit. ^^  ARSTATION https://t.co/oKNtMkzMMh INSTAGRAM https://t.co/Wag2o4iBcd FACBOOK https://t.co/AYRB3ldXx8... DEVIANTART https://t.co/qjvjvBKXsJ https://t.co/zLRDhUDvQc,0
122,1264370621384925185,tweet,2020-05-24 01:40:21,#Promote your upcoming #album on #ArtistRack https://t.co/ulYlcRKK8P and get a #shoutout on #Instagram #Twitter #Facbook #music  #SPOTIFY #SPOTIFYPLAYLIST #MUSIC #MUSICPROMO #EDMMUSIC #EDMMUSIC #POPMUSIC #HIPHOP #HOUSEMUSIC https://t.co/mqfBSaQHlI,0
121,1264370614023925767,tweet,2020-05-24 01:40:19,#Promote your upcoming #album on #ArtistRack https://t.co/rO4IjuIqm4 and get a #shoutout on #Instagram #Twitter #Facbook #music  #SPOTIFY #SPOTIFYPLAYLIST #MUSIC #MUSICPROMO #EDMMUSIC #EDMMUSIC #POPMUSIC #HIPHOP #HOUSEMUSIC https://t.co/CuPXYM21ZR,0
120,1264342439487250432,tweet,2020-05-23 23:48:22,#Promote your upcoming #album on #ArtistRack https://t.co/rO4IjuIqm4 and get a #shoutout on #Instagram #Twitter #Facbook #music  #SPOTIFY #SPOTIFYPLAYLIST #MUSIC #MUSICPROMO #EDMMUSIC #EDMMUSIC #POPMUSIC #HIPHOP #HOUSEMUSIC https://t.co/XU2WVWEvoo,0
119,1264342432067588102,tweet,2020-05-23 23:48:20,#Promote your upcoming #album on #ArtistRack https://t.co/ulYlcRKK8P and get a #shoutout on #Instagram #Twitter #Facbook #music  #SPOTIFY #SPOTIFYPLAYLIST #MUSIC #MUSICPROMO #EDMMUSIC #EDMMUSIC #POPMUSIC #HIPHOP #HOUSEMUSIC https://t.co/3dJTTFpAA8,0
118,1264311480410943489,tweet,2020-05-23 21:45:21,#Promote your upcoming #album on #ArtistRack https://t.co/ulYlcRKK8P and get a #shoutout on #Instagram #Twitter #Facbook #music  #SPOTIFY #SPOTIFYPLAYLIST #MUSIC #MUSICPROMO #EDMMUSIC #EDMMUSIC #POPMUSIC #HIPHOP #HOUSEMUSIC https://t.co/ScZYlRU3uR,0
117,1264311472475246593,tweet,2020-05-23 21:45:19,#Promote your upcoming #album on #ArtistRack https://t.co/rO4IjuIqm4 and get a #shoutout on #Instagram #Twitter #Facbook #music  #SPOTIFY #SPOTIFYPLAYLIST #MUSIC #MUSICPROMO #EDMMUSIC #EDMMUSIC #POPMUSIC #HIPHOP #HOUSEMUSIC https://t.co/NxU9aXWrlf,0
116,1264309378271850496,tweet,2020-05-23 21:37:00,Been posting pots on my personal Facbook page as part of the 7 day challenge. So thought I should post a few here where potters can see.  #ceramics #porcelain #jar #glazes #studio #pottery #gasfired https://t.co/fMlbkowR0C,0
115,1264305795539390466,retweet,2020-05-23 21:22:45,Mr Moodybear Live ! https://t.co/SZbcc8pYKI going live and love the facbook ban!,0
114,1264299771667324928,retweet,2020-05-23 20:58:49,Mr Moodybear Live ! https://t.co/SZbcc8pYKI going live and love the facbook ban!,0
113,1264299681703702529,tweet,2020-05-23 20:58:28,Mr Moodybear Live ! https://t.co/SZbcc8pYKI going live and love the facbook ban!,0
112,1264282546839453696,tweet,2020-05-23 19:50:23,#Promote your upcoming #album on #ArtistRack https://t.co/ulYlcRKK8P and get a #shoutout on #Instagram #Twitter #Facbook #music  #SPOTIFY #SPOTIFYPLAYLIST #MUSIC #MUSICPROMO #EDMMUSIC #EDMMUSIC #POPMUSIC #HIPHOP #HOUSEMUSIC https://t.co/AzI1WdnT8K,0
111,1264282539734245381,tweet,2020-05-23 19:50:21,#Promote your upcoming #album on #ArtistRack https://t.co/rO4IjuIqm4 and get a #shoutout on #Instagram #Twitter #Facbook #music  #SPOTIFY #SPOTIFYPLAYLIST #MUSIC #MUSICPROMO #EDMMUSIC #EDMMUSIC #POPMUSIC #HIPHOP #HOUSEMUSIC https://t.co/Tkktn84lJR,0
110,1264253852632612869,tweet,2020-05-23 17:56:21,#Promote your upcoming #album on #ArtistRack https://t.co/ulYlcRKK8P and get a #shoutout on #Instagram #Twitter #Facbook #music  #SPOTIFY #SPOTIFYPLAYLIST #MUSIC #MUSICPROMO #EDMMUSIC #EDMMUSIC #POPMUSIC #HIPHOP #HOUSEMUSIC https://t.co/6cAftgzpiu,0
109,1264253845804396544,tweet,2020-05-23 17:56:20,#Promote your upcoming #album on #ArtistRack https://t.co/rO4IjuIqm4 and get a #shoutout on #Instagram #Twitter #Facbook #music  #SPOTIFY #SPOTIFYPLAYLIST #MUSIC #MUSICPROMO #EDMMUSIC #EDMMUSIC #POPMUSIC #HIPHOP #HOUSEMUSIC https://t.co/DFhv6ya3xd,0
108,1264248320123437056,tweet,2020-05-23 17:34:22,Join us on Sunday for our Zoom Forum (10AM) and Service (11AM)  We also have a Facbook live concert with Diana Ryder at (1PM). See all our events on our Facebook page. https://t.co/vqzTEmLNPZ,0
107,1264242958989250562,tweet,2020-05-23 17:13:04,@JillianViva @BusterEarth @CaseFranko @ZosKiaCultus666 @MagaMan2020USA @TruckerNole @jooldiguana @rob_pergo @lacy_kelly78 @TheRightMelissa @realDonaldTrump Yay! More Facbook Karen Conspiracies!,0
106,1264233650230444032,tweet,2020-05-23 16:36:05,Good morning everyone. Today really not going anywhere or doing a damn thing. Going to sit on my porch swing and read most of the day read my magazine. Then going 2 watch a DVD and play my facbook games on my new laptop.,0
105,1264229256114176000,retweet,2020-05-23 16:18:37,Join our librarian Tom F. over on our facbook page at noon to talk about what YOU'VE been watching this week! https://t.co/SExQggVdga,0
104,1264224913067565057,tweet,2020-05-23 16:01:22,#Promote your upcoming #album on #ArtistRack https://t.co/ulYlcRKK8P and get a #shoutout on #Instagram #Twitter #Facbook #music  #SPOTIFY #SPOTIFYPLAYLIST #MUSIC #MUSICPROMO #EDMMUSIC #EDMMUSIC #POPMUSIC #HIPHOP #HOUSEMUSIC https://t.co/tazfcDHUCo,0
103,1264224896407744512,tweet,2020-05-23 16:01:18,#Promote your upcoming #album on #ArtistRack https://t.co/rO4IjuIqm4 and get a #shoutout on #Instagram #Twitter #Facbook #music  #SPOTIFY #SPOTIFYPLAYLIST #MUSIC #MUSICPROMO #EDMMUSIC #EDMMUSIC #POPMUSIC #HIPHOP #HOUSEMUSIC https://t.co/1R5RAKMbOq,0
102,1264221150910898176,tweet,2020-05-23 15:46:25,We are feeling honored to announce our International Resource Person From Singapore MS. SUCHI on Stress Management  27 May 2020 Time: 3 PM - 4 PM (BDST) 5 Pm - 6 PM (SGT)  Live From https://t.co/wtqGoQpUKq  Registration Link: https://t.co/nT8pLYZVqf  Certificate Will be Provided https://t.co/Mp24UVxoHB,0
101,1264195974576119811,tweet,2020-05-23 14:06:22,#Promote your upcoming #album on #ArtistRack https://t.co/ulYlcRKK8P and get a #shoutout on #Instagram #Twitter #Facbook #music  #SPOTIFY #SPOTIFYPLAYLIST #MUSIC #MUSICPROMO #EDMMUSIC #EDMMUSIC #POPMUSIC #HIPHOP #HOUSEMUSIC https://t.co/iIFpDbQ02Y,0
100,1264195968486047744,tweet,2020-05-23 14:06:21,#Promote your upcoming #album on #ArtistRack https://t.co/rO4IjuIqm4 and get a #shoutout on #Instagram #Twitter #Facbook #music  #SPOTIFY #SPOTIFYPLAYLIST #MUSIC #MUSICPROMO #EDMMUSIC #EDMMUSIC #POPMUSIC #HIPHOP #HOUSEMUSIC https://t.co/RpN6SvbFFo,0
99,1264172300565389312,tweet,2020-05-23 12:32:18,@mysticspellmans i was notüòîüòîüòî but i joined the facbook live,0
98,1264168570432479237,retweet,2020-05-23 12:17:28,#Promote your upcoming #album on #ArtistRack https://t.co/rO4IjuIqm4 and get a #shoutout on #Instagram #Twitter #Facbook #music  #SPOTIFY #SPOTIFYPLAYLIST #MUSIC #MUSICPROMO #EDMMUSIC #EDMMUSIC #POPMUSIC #HIPHOP #HOUSEMUSIC https://t.co/LywfRqL6FD,0
97,1264168544780066817,retweet,2020-05-23 12:17:22,#Promote your upcoming #album on #ArtistRack https://t.co/ulYlcRKK8P and get a #shoutout on #Instagram #Twitter #Facbook #music  #SPOTIFY #SPOTIFYPLAYLIST #MUSIC #MUSICPROMO #EDMMUSIC #EDMMUSIC #POPMUSIC #HIPHOP #HOUSEMUSIC https://t.co/sICyUTFVv9,0
96,1264167993929498625,tweet,2020-05-23 12:15:11,#Promote your upcoming #album on #ArtistRack https://t.co/rO4IjuIqm4 and get a #shoutout on #Instagram #Twitter #Facbook #music  #SPOTIFY #SPOTIFYPLAYLIST #MUSIC #MUSICPROMO #EDMMUSIC #EDMMUSIC #POPMUSIC #HIPHOP #HOUSEMUSIC https://t.co/LywfRqL6FD,0
95,1264167988514693120,tweet,2020-05-23 12:15:10,#Promote your upcoming #album on #ArtistRack https://t.co/ulYlcRKK8P and get a #shoutout on #Instagram #Twitter #Facbook #music  #SPOTIFY #SPOTIFYPLAYLIST #MUSIC #MUSICPROMO #EDMMUSIC #EDMMUSIC #POPMUSIC #HIPHOP #HOUSEMUSIC https://t.co/sICyUTFVv9,0
94,1264153561643933697,tweet,2020-05-23 11:17:50,I HATE FACBOOK I SWEARRR I JOINED OVER THIRTY SHITPOSTING GROUPS AND ARE Y‚ÄôALL TELLING ME I‚ÄôM NOT ALLOWED TO CYBERBULLY??/? THIS IS AN IMPEDIMENT TO FREE SPEECH THIS IS HOMOPOBIC THIS IS RACI,0
93,1264138393556000768,retweet,2020-05-23 10:17:34,#Promote your upcoming #album on #ArtistRack https://t.co/ulYlcRKK8P and get a #shoutout on #Instagram #Twitter #Facbook #music  #SPOTIFY #SPOTIFYPLAYLIST #MUSIC #MUSICPROMO #EDMMUSIC #EDMMUSIC #POPMUSIC #HIPHOP #HOUSEMUSIC https://t.co/KGqKheWQQ6,0
92,1264138372156665856,retweet,2020-05-23 10:17:29,#Promote your upcoming #album on #ArtistRack https://t.co/rO4IjuIqm4 and get a #shoutout on #Instagram #Twitter #Facbook #music  #SPOTIFY #SPOTIFYPLAYLIST #MUSIC #MUSICPROMO #EDMMUSIC #EDMMUSIC #POPMUSIC #HIPHOP #HOUSEMUSIC https://t.co/UItzffMIek,0
90,1264138080291864580,tweet,2020-05-23 10:16:19,#Promote your upcoming #album on #ArtistRack https://t.co/rO4IjuIqm4 and get a #shoutout on #Instagram #Twitter #Facbook #music  #SPOTIFY #SPOTIFYPLAYLIST #MUSIC #MUSICPROMO #EDMMUSIC #EDMMUSIC #POPMUSIC #HIPHOP #HOUSEMUSIC https://t.co/UItzffMIek,0
91,1264138081491443712,tweet,2020-05-23 10:16:19,#Promote your upcoming #album on #ArtistRack https://t.co/ulYlcRKK8P and get a #shoutout on #Instagram #Twitter #Facbook #music  #SPOTIFY #SPOTIFYPLAYLIST #MUSIC #MUSICPROMO #EDMMUSIC #EDMMUSIC #POPMUSIC #HIPHOP #HOUSEMUSIC https://t.co/KGqKheWQQ6,0
89,1264112039024193537,retweet,2020-05-23 08:32:50,Coffee In The Evening (Adrienne) stay home version is now up Melt Records' Facbook page and Youtube channel! Let's go! ‚òïÔ∏èüåÉ  Youtube: https://t.co/AToeZR8GQ7 Facebook: https://t.co/w6N2PJVUvU https://t.co/eMioYbZQiw,0
88,1264110414507450369,tweet,2020-05-23 08:26:23,#Promote your upcoming #album on #ArtistRack https://t.co/rO4IjuIqm4 and get a #shoutout on #Instagram #Twitter #Facbook #music  #SPOTIFY #SPOTIFYPLAYLIST #MUSIC #MUSICPROMO #EDMMUSIC #EDMMUSIC #POPMUSIC #HIPHOP #HOUSEMUSIC https://t.co/fY2yeu8BrD,0
87,1264110407427526658,tweet,2020-05-23 08:26:21,#Promote your upcoming #album on #ArtistRack https://t.co/ulYlcRKK8P and get a #shoutout on #Instagram #Twitter #Facbook #music  #SPOTIFY #SPOTIFYPLAYLIST #MUSIC #MUSICPROMO #EDMMUSIC #EDMMUSIC #POPMUSIC #HIPHOP #HOUSEMUSIC https://t.co/YE7yGkM3Lh,0
86,1264108939844747264,tweet,2020-05-23 08:20:31,Beware from this number -  +918396878508  Trying to scam people in the name of sanitizer. Gathering numbers from facbook/online. Calling and faking details and asking to procure Sanitizers etc. And offers commission.  @CollectorPanna @CollectorKatni @OfficeofSSC @JansamparkMP,0
85,1264080466560385024,tweet,2020-05-23 06:27:23,#Promote your upcoming #album on #ArtistRack https://t.co/rO4IjuIqm4 and get a #shoutout on #Instagram #Twitter #Facbook #music  #SPOTIFY #SPOTIFYPLAYLIST #MUSIC #MUSICPROMO #EDMMUSIC #EDMMUSIC #POPMUSIC #HIPHOP #HOUSEMUSIC https://t.co/K0jj8s6vi8,0
84,1264080466463858688,tweet,2020-05-23 06:27:23,#Promote your upcoming #album on #ArtistRack https://t.co/ulYlcRKK8P and get a #shoutout on #Instagram #Twitter #Facbook #music  #SPOTIFY #SPOTIFYPLAYLIST #MUSIC #MUSICPROMO #EDMMUSIC #EDMMUSIC #POPMUSIC #HIPHOP #HOUSEMUSIC https://t.co/vYvxy9Jk7x,0
83,1264052250156183552,tweet,2020-05-23 04:35:16,#Promote your upcoming #album on #ArtistRack https://t.co/rO4IjuIqm4 and get a #shoutout on #Instagram #Twitter #Facbook #music  #SPOTIFY #SPOTIFYPLAYLIST #MUSIC #MUSICPROMO #EDMMUSIC #EDMMUSIC #POPMUSIC #HIPHOP #HOUSEMUSIC https://t.co/m3wPlIOksW,0
82,1264052248767860736,tweet,2020-05-23 04:35:15,#Promote your upcoming #album on #ArtistRack https://t.co/ulYlcRKK8P and get a #shoutout on #Instagram #Twitter #Facbook #music  #SPOTIFY #SPOTIFYPLAYLIST #MUSIC #MUSICPROMO #EDMMUSIC #EDMMUSIC #POPMUSIC #HIPHOP #HOUSEMUSIC https://t.co/6JzZwlaud6,0
81,1264022816510431232,tweet,2020-05-23 02:38:18,#Promote your upcoming #album on #ArtistRack https://t.co/rO4IjuIqm4 and get a #shoutout on #Instagram #Twitter #Facbook #music  #SPOTIFY #SPOTIFYPLAYLIST #MUSIC #MUSICPROMO #EDMMUSIC #EDMMUSIC #POPMUSIC #HIPHOP #HOUSEMUSIC https://t.co/GB07tC1REh,0
80,1264022809627557896,tweet,2020-05-23 02:38:16,#Promote your upcoming #album on #ArtistRack https://t.co/ulYlcRKK8P and get a #shoutout on #Instagram #Twitter #Facbook #music  #SPOTIFY #SPOTIFYPLAYLIST #MUSIC #MUSICPROMO #EDMMUSIC #EDMMUSIC #POPMUSIC #HIPHOP #HOUSEMUSIC https://t.co/k6r2KfM2WP,0
79,1264009876801372161,retweet,2020-05-23 01:46:53,"MEPL booked for Design Coordination and Scope Management Services at AIIMS Deoghar Jharkhand: blog, Blogs, facbook, facebook, google plus, IFTTT, iift, instagram, pintrest, Press, Publish RSS to Market Leads, Publish RSS to Worked Consumers, Standard Contents, twitter https://t.co/6Lc1GukZJy",0
78,1263994393238933515,tweet,2020-05-23 00:45:21,#Promote your upcoming #album on #ArtistRack https://t.co/ulYlcRKK8P and get a #shoutout on #Instagram #Twitter #Facbook #music  #SPOTIFY #SPOTIFYPLAYLIST #MUSIC #MUSICPROMO #EDMMUSIC #EDMMUSIC #POPMUSIC #HIPHOP #HOUSEMUSIC https://t.co/kmDF0YsrJx,0
77,1263994385949241344,tweet,2020-05-23 00:45:20,#Promote your upcoming #album on #ArtistRack https://t.co/rO4IjuIqm4 and get a #shoutout on #Instagram #Twitter #Facbook #music  #SPOTIFY #SPOTIFYPLAYLIST #MUSIC #MUSICPROMO #EDMMUSIC #EDMMUSIC #POPMUSIC #HIPHOP #HOUSEMUSIC https://t.co/JRJsUFFAwC,0
76,1263981926068649989,tweet,2020-05-22 23:55:49,"@ytamanotwt Tbh, i left facbook cox of this.. twitter is stilll bearable!",0
75,1263965163369226242,tweet,2020-05-22 22:49:12,#Promote your upcoming #album on #ArtistRack https://t.co/ulYlcRKK8P and get a #shoutout on #Instagram #Twitter #Facbook #music  #SPOTIFY #SPOTIFYPLAYLIST #MUSIC #MUSICPROMO #EDMMUSIC #EDMMUSIC #POPMUSIC #HIPHOP #HOUSEMUSIC https://t.co/OQdjSwiaxk,0
74,1263965157212000256,tweet,2020-05-22 22:49:11,#Promote your upcoming #album on #ArtistRack https://t.co/rO4IjuIqm4 and get a #shoutout on #Instagram #Twitter #Facbook #music  #SPOTIFY #SPOTIFYPLAYLIST #MUSIC #MUSICPROMO #EDMMUSIC #EDMMUSIC #POPMUSIC #HIPHOP #HOUSEMUSIC https://t.co/mQ3zQSQbER,0
73,1263959484520714246,retweet,2020-05-22 22:26:38,Q and A wit @georg_rob and @AxisDon tomorrow on https://t.co/vlGpRpe4yD check out our facbook or our website for a chance to win a $50 Visa gift card! https://t.co/7xk3G349m3,0
72,1263959082785898497,tweet,2020-05-22 22:25:03,"@StevESPNKim I'm currently in Facbook jail, but hopefully they'll still let me watch it!",0
71,1263949759628423170,tweet,2020-05-22 21:48:00,"Join me tonight as I host another ""Friday Night Music Fever"" with Local musicians &amp; special guest @mikestevensharp Thx also to @K1063sarnia  for their support and sharing the broadcast on their Facbook page. #localmusic #theshowlive Watch Live at 8 pm https://t.co/Se3b8yG3uG",0
70,1263934971942764546,tweet,2020-05-22 20:49:14,#Promote your upcoming #album on #ArtistRack https://t.co/rO4IjuIqm4 and get a #shoutout on #Instagram #Twitter #Facbook #music  #SPOTIFY #SPOTIFYPLAYLIST #MUSIC #MUSICPROMO #EDMMUSIC #EDMMUSIC #POPMUSIC #HIPHOP #HOUSEMUSIC https://t.co/JZnS8K7PoB,0
69,1263934971489726467,tweet,2020-05-22 20:49:14,#Promote your upcoming #album on #ArtistRack https://t.co/ulYlcRKK8P and get a #shoutout on #Instagram #Twitter #Facbook #music  #SPOTIFY #SPOTIFYPLAYLIST #MUSIC #MUSICPROMO #EDMMUSIC #EDMMUSIC #POPMUSIC #HIPHOP #HOUSEMUSIC https://t.co/nj4dzWZQMc,0
68,1263933817385033729,tweet,2020-05-22 20:44:39,"not so sure why people are so mad about the new #Facbook salary policy, this is how ‚ÄúRemote‚Äù contracting works.  Your salary depends on where you are not on the tasks you are doing, it is everywhere from big to small companies.  #remotework #remote #working #contracting",0
67,1263928303045554176,tweet,2020-05-22 20:22:44,Dual streaming on Twitch &amp; Facbook  Links below. Come by chill &amp; chat :)  https://t.co/3DSV7B5NVd  https://t.co/gmqjDschSq https://t.co/fuRMd9e5ou,0
66,1263919708073590785,tweet,2020-05-22 19:48:35,The order for me is:  ‚Ä¢ Facbook ‚Ä¢ Instagram ‚Ä¢ Twitter ‚Ä¢ Snapchat  Then rinse and repeat. https://t.co/d13LMjLBCd,0
64,1263906289194852353,tweet,2020-05-22 18:55:16,#Promote your upcoming #album on #ArtistRack https://t.co/ulYlcRKK8P and get a #shoutout on #Instagram #Twitter #Facbook #music  #SPOTIFY #SPOTIFYPLAYLIST #MUSIC #MUSICPROMO #EDMMUSIC #EDMMUSIC #POPMUSIC #HIPHOP #HOUSEMUSIC https://t.co/Qx9w12C484,0
65,1263906291677827074,tweet,2020-05-22 18:55:16,#Promote your upcoming #album on #ArtistRack https://t.co/rO4IjuIqm4 and get a #shoutout on #Instagram #Twitter #Facbook #music  #SPOTIFY #SPOTIFYPLAYLIST #MUSIC #MUSICPROMO #EDMMUSIC #EDMMUSIC #POPMUSIC #HIPHOP #HOUSEMUSIC https://t.co/CbcTLDsD1T,0
63,1263876824431505416,tweet,2020-05-22 16:58:11,#Promote your upcoming #album on #ArtistRack https://t.co/rO4IjuIqm4 and get a #shoutout on #Instagram #Twitter #Facbook #music  #SPOTIFY #SPOTIFYPLAYLIST #MUSIC #MUSICPROMO #EDMMUSIC #EDMMUSIC #POPMUSIC #HIPHOP #HOUSEMUSIC https://t.co/W5kmPGUGgK,0
62,1263876823819194369,tweet,2020-05-22 16:58:11,#Promote your upcoming #album on #ArtistRack https://t.co/ulYlcRKK8P and get a #shoutout on #Instagram #Twitter #Facbook #music  #SPOTIFY #SPOTIFYPLAYLIST #MUSIC #MUSICPROMO #EDMMUSIC #EDMMUSIC #POPMUSIC #HIPHOP #HOUSEMUSIC https://t.co/KuTnjraxcH,0
61,1263850249052991488,tweet,2020-05-22 15:12:35,Join our librarian Tom F. over on our facbook page at noon to talk about what YOU'VE been watching this week! https://t.co/SExQggVdga,0
60,1263847655987392512,tweet,2020-05-22 15:02:16,#Promote your upcoming #album on #ArtistRack https://t.co/rO4IjuIqm4 and get a #shoutout on #Instagram #Twitter #Facbook #music  #SPOTIFY #SPOTIFYPLAYLIST #MUSIC #MUSICPROMO #EDMMUSIC #EDMMUSIC #POPMUSIC #HIPHOP #HOUSEMUSIC https://t.co/tIFGJ7UaQx,0
59,1263847632314740737,tweet,2020-05-22 15:02:11,#Promote your upcoming #album on #ArtistRack https://t.co/ulYlcRKK8P and get a #shoutout on #Instagram #Twitter #Facbook #music  #SPOTIFY #SPOTIFYPLAYLIST #MUSIC #MUSICPROMO #EDMMUSIC #EDMMUSIC #POPMUSIC #HIPHOP #HOUSEMUSIC https://t.co/uUF5M9RuLB,0
58,1263847168978423810,retweet,2020-05-22 15:00:20,Mew: I use facbook a lot üò∂  Me who installed twitter just for em: #‡∏ö‡∏±‡∏ô‡πÄ‡∏ó‡∏¥‡∏á‡∏°‡∏≤‡∏Å‡πÅ‡∏°‡πàx‡∏°‡∏¥‡∏ß‡∏Å‡∏•‡∏±‡∏ü https://t.co/2j9DXMrehc,0
57,1263835060475699201,tweet,2020-05-22 14:12:13,"Join us today for Kilt Talk! Hosts Dr. Charlie Hueber, Dr. Matt Goodwyn, and Mr. David Gehrels talk shop....in Kilts! Every Friday at 10am on the SU MONTY Facbook page. #missingschreiner #kilttalk https://t.co/cFWMc8Iitf",0
56,1263834975008366592,tweet,2020-05-22 14:11:53,"Join us today for Kilt Talk! Hosts Dr. Charlie Hueber, Dr. Matt Goodwyn, and Mr. David Gehrels talk shop....in Kilts! Every Friday at 10am on the SU MONTY Facbook page. #missingschreiner #kilttalk https://t.co/c6kCgrQoP3",0
55,1263834740727189505,tweet,2020-05-22 14:10:57,"Join us today for Kilt Talk! Hosts Dr. Charlie Hueber, Dr. Matt Goodwyn, and Mr. David Gehrels talk shop....in Kilts! Every Friday at 10am on the SU MONTY Facbook page. #missingschreiner #kilttalk https://t.co/8qW90dts87",0
54,1263834559197728778,tweet,2020-05-22 14:10:14,"Join us today for Kilt Talk! Hosts Dr. Charlie Hueber, Dr. Matt Goodwyn, and Mr. David Gehrels talk shop....in Kilts! Every Friday at 10am on the SU MONTY Facbook page. #missingschreiner #kilttalk https://t.co/SGGQMetMuy",0
53,1263821808106639361,retweet,2020-05-22 13:19:34,Mew: I use facbook a lot üò∂  Me who installed twitter just for em: #‡∏ö‡∏±‡∏ô‡πÄ‡∏ó‡∏¥‡∏á‡∏°‡∏≤‡∏Å‡πÅ‡∏°‡πàx‡∏°‡∏¥‡∏ß‡∏Å‡∏•‡∏±‡∏ü https://t.co/2j9DXMrehc,0
52,1263821389108146176,retweet,2020-05-22 13:17:54,Mew: I use facbook a lot üò∂  Me who installed twitter just for em: #‡∏ö‡∏±‡∏ô‡πÄ‡∏ó‡∏¥‡∏á‡∏°‡∏≤‡∏Å‡πÅ‡∏°‡πàx‡∏°‡∏¥‡∏ß‡∏Å‡∏•‡∏±‡∏ü https://t.co/2j9DXMrehc,0
50,1263819450928824321,tweet,2020-05-22 13:10:12,#Promote your upcoming #album on #ArtistRack https://t.co/ulYlcRKK8P and get a #shoutout on #Instagram #Twitter #Facbook #music  #SPOTIFY #SPOTIFYPLAYLIST #MUSIC #MUSICPROMO #EDMMUSIC #EDMMUSIC #POPMUSIC #HIPHOP #HOUSEMUSIC https://t.co/mEt9vCc2bU,0
51,1263819451507650561,tweet,2020-05-22 13:10:12,#Promote your upcoming #album on #ArtistRack https://t.co/rO4IjuIqm4 and get a #shoutout on #Instagram #Twitter #Facbook #music  #SPOTIFY #SPOTIFYPLAYLIST #MUSIC #MUSICPROMO #EDMMUSIC #EDMMUSIC #POPMUSIC #HIPHOP #HOUSEMUSIC https://t.co/ys8I8ceUhN,0
49,1263815177327259648,retweet,2020-05-22 12:53:13,Mew: I use facbook a lot üò∂  Me who installed twitter just for em: #‡∏ö‡∏±‡∏ô‡πÄ‡∏ó‡∏¥‡∏á‡∏°‡∏≤‡∏Å‡πÅ‡∏°‡πàx‡∏°‡∏¥‡∏ß‡∏Å‡∏•‡∏±‡∏ü https://t.co/2j9DXMrehc,0
48,1263815084729446401,retweet,2020-05-22 12:52:51,Mew: I use facbook a lot üò∂  Me who installed twitter just for em: #‡∏ö‡∏±‡∏ô‡πÄ‡∏ó‡∏¥‡∏á‡∏°‡∏≤‡∏Å‡πÅ‡∏°‡πàx‡∏°‡∏¥‡∏ß‡∏Å‡∏•‡∏±‡∏ü https://t.co/2j9DXMrehc,0
47,1263815058913714176,retweet,2020-05-22 12:52:45,Mew: I use facbook a lot üò∂  Me who installed twitter just for em: #‡∏ö‡∏±‡∏ô‡πÄ‡∏ó‡∏¥‡∏á‡∏°‡∏≤‡∏Å‡πÅ‡∏°‡πàx‡∏°‡∏¥‡∏ß‡∏Å‡∏•‡∏±‡∏ü https://t.co/2j9DXMrehc,0
46,1263814954626322435,retweet,2020-05-22 12:52:20,Mew: I use facbook a lot üò∂  Me who installed twitter just for em: #‡∏ö‡∏±‡∏ô‡πÄ‡∏ó‡∏¥‡∏á‡∏°‡∏≤‡∏Å‡πÅ‡∏°‡πàx‡∏°‡∏¥‡∏ß‡∏Å‡∏•‡∏±‡∏ü https://t.co/2j9DXMrehc,0
45,1263814454946349056,tweet,2020-05-22 12:50:21,Mew: I use facbook a lot üò∂  Me who installed twitter just for em: #‡∏ö‡∏±‡∏ô‡πÄ‡∏ó‡∏¥‡∏á‡∏°‡∏≤‡∏Å‡πÅ‡∏°‡πàx‡∏°‡∏¥‡∏ß‡∏Å‡∏•‡∏±‡∏ü https://t.co/2j9DXMrehc,0
44,1263811308085968896,tweet,2020-05-22 12:37:50,@DC_Attock sir i have requested you on your facbook page plz tel what about rented buildings should we pay them or not  but you or any of your respondent did't reply yet.,0
43,1263796663925329920,tweet,2020-05-22 11:39:39,"MEPL Secured Scope management Service for Guru Gobind Singh Indraprastha University blog, Blogs, Events, facbook, google plus, IFTTT, iift, instagram, pinterest, pintrest, Publish RSS to Market Leads, Publish RSS to Worked Consumers, Standard Contents, twitter, virtual data ‚Ä¶ https://t.co/pbk3suwTnT",0
42,1263796652160270336,tweet,2020-05-22 11:39:36,"MEPL booked for Design Coordination and Scope Management Services at AIIMS Deoghar Jharkhand: blog, Blogs, facbook, facebook, google plus, IFTTT, iift, instagram, pintrest, Press, Publish RSS to Market Leads, Publish RSS to Worked Consumers, Standard Contents, twitter https://t.co/6Lc1GukZJy",0
41,1263791272533413889,tweet,2020-05-22 11:18:14,#Promote your upcoming #album on #ArtistRack https://t.co/rO4IjuIqm4 and get a #shoutout on #Instagram #Twitter #Facbook #music  #SPOTIFY #SPOTIFYPLAYLIST #MUSIC #MUSICPROMO #EDMMUSIC #EDMMUSIC #POPMUSIC #HIPHOP #HOUSEMUSIC https://t.co/9WxtbWG1gC,0
40,1263791268385226752,tweet,2020-05-22 11:18:13,#Promote your upcoming #album on #ArtistRack https://t.co/ulYlcRKK8P and get a #shoutout on #Instagram #Twitter #Facbook #music  #SPOTIFY #SPOTIFYPLAYLIST #MUSIC #MUSICPROMO #EDMMUSIC #EDMMUSIC #POPMUSIC #HIPHOP #HOUSEMUSIC https://t.co/K8SnwraMP2,0
38,1263761043886616576,tweet,2020-05-22 09:18:07,#Promote your upcoming #album on #ArtistRack https://t.co/ulYlcRKK8P and get a #shoutout on #Instagram #Twitter #Facbook #music  #SPOTIFY #SPOTIFYPLAYLIST #MUSIC #MUSICPROMO #EDMMUSIC #EDMMUSIC #POPMUSIC #HIPHOP #HOUSEMUSIC https://t.co/USzN3fkpZt,0
39,1263761045820235776,tweet,2020-05-22 09:18:07,#Promote your upcoming #album on #ArtistRack https://t.co/rO4IjuIqm4 and get a #shoutout on #Instagram #Twitter #Facbook #music  #SPOTIFY #SPOTIFYPLAYLIST #MUSIC #MUSICPROMO #EDMMUSIC #EDMMUSIC #POPMUSIC #HIPHOP #HOUSEMUSIC https://t.co/e8MuTIF6k5,0
37,1263753835954049024,retweet,2020-05-22 08:49:28,Coffee In The Evening (Adrienne) stay home version is now up Melt Records' Facbook page and Youtube channel! Let's go! ‚òïÔ∏èüåÉ  Youtube: https://t.co/AToeZR8GQ7 Facebook: https://t.co/w6N2PJVUvU https://t.co/eMioYbZQiw,0
36,1263735772785659904,retweet,2020-05-22 07:37:41,"Pro tip: While stalking use left hand on Twitter, right hand in Insta and place your thumb in centre for facbook. https://t.co/Q0Hj2KvZdk",0
35,1263733150510792706,tweet,2020-05-22 07:27:16,#Promote your upcoming #album on #ArtistRack https://t.co/rO4Ijv01dC and get a #shoutout on #Instagram #Twitter #Facbook #music  #SPOTIFY #SPOTIFYPLAYLIST #MUSIC #MUSICPROMO #EDMMUSIC #EDMMUSIC #POPMUSIC #HIPHOP #HOUSEMUSIC https://t.co/Oib5IkCFRv,0
34,1263733148493524992,tweet,2020-05-22 07:27:16,#Promote your upcoming #album on #ArtistRack https://t.co/ulYlcRKK8P and get a #shoutout on #Instagram #Twitter #Facbook #music  #SPOTIFY #SPOTIFYPLAYLIST #MUSIC #MUSICPROMO #EDMMUSIC #EDMMUSIC #POPMUSIC #HIPHOP #HOUSEMUSIC https://t.co/X8llLmDY7Y,0
33,1263721985563152389,retweet,2020-05-22 06:42:54,"Pro tip: While stalking use left hand on Twitter, right hand in Insta and place your thumb in centre for facbook. https://t.co/Q0Hj2KvZdk",0
32,1263716942503870464,tweet,2020-05-22 06:22:52,So guy's kal milte he facbook live par thik 11.ap ram ram   https://t.co/MnP6dXXrp1  #actress #followme #moda #modellife #models #happy #hair #likes #smile #canon #sexy #instafashion #music‚Ä¶ https://t.co/x6Qf07AGZM,0
31,1263704643072258048,tweet,2020-05-22 05:34:00,@Saiful28160298 @nickjonas @PrimeVideo Your facbook id send,0
30,1263703953092599808,tweet,2020-05-22 05:31:15,#Promote your upcoming #album on #ArtistRack https://t.co/ulYlcRKK8P and get a #shoutout on #Instagram #Twitter #Facbook #music  #SPOTIFY #SPOTIFYPLAYLIST #MUSIC #MUSICPROMO #EDMMUSIC #EDMMUSIC #POPMUSIC #HIPHOP #HOUSEMUSIC https://t.co/jjRDkKzuWS,0
29,1263703948122370048,tweet,2020-05-22 05:31:14,#Promote your upcoming #album on #ArtistRack https://t.co/rO4IjuIqm4 and get a #shoutout on #Instagram #Twitter #Facbook #music  #SPOTIFY #SPOTIFYPLAYLIST #MUSIC #MUSICPROMO #EDMMUSIC #EDMMUSIC #POPMUSIC #HIPHOP #HOUSEMUSIC https://t.co/kW3xsn2u2S,0
28,1263690512734674946,retweet,2020-05-22 04:37:51,How long will it take for facbook army to realise that Agust D2 is coming?! Place your bets üëáüëáüëáüëá,0
27,1263689933786624000,tweet,2020-05-22 04:35:33,How long will it take for facbook army to realise that Agust D2 is coming?! Place your bets üëáüëáüëáüëá,0
26,1263677605112434689,tweet,2020-05-22 03:46:33,"I am in facbook jail fo 30 day for sharing a post, that was alredy on f.b...they kerp censoring conservatives",0
25,1263674492695515136,tweet,2020-05-22 03:34:11,#Promote your upcoming #album on #ArtistRack https://t.co/rO4IjuIqm4 and get a #shoutout on #Instagram #Twitter #Facbook #music  #SPOTIFY #SPOTIFYPLAYLIST #MUSIC #MUSICPROMO #EDMMUSIC #EDMMUSIC #POPMUSIC #HIPHOP #HOUSEMUSIC https://t.co/pfZUt4C5jw,0
24,1263674492343255040,tweet,2020-05-22 03:34:11,#Promote your upcoming #album on #ArtistRack https://t.co/ulYlcRKK8P and get a #shoutout on #Instagram #Twitter #Facbook #music  #SPOTIFY #SPOTIFYPLAYLIST #MUSIC #MUSICPROMO #EDMMUSIC #EDMMUSIC #POPMUSIC #HIPHOP #HOUSEMUSIC https://t.co/1wWK2Ddg0U,0
23,1263669407865204736,retweet,2020-05-22 03:13:59,Thats why we are encouraging everyone to retweet their posts. I‚Äôve made a thread on it. And also visit their Wikipedia and like their posts on facbook and share it!üíñ This will give us a big chance to enter BBS50 next week,0
22,1263656889344159745,retweet,2020-05-22 02:24:14,Coffee In The Evening (Adrienne) stay home version is now up Melt Records' Facbook page and Youtube channel! Let's go! ‚òïÔ∏èüåÉ  Youtube: https://t.co/AToeZR8GQ7 Facebook: https://t.co/w6N2PJVUvU https://t.co/eMioYbZQiw,0
21,1263645802477563910,tweet,2020-05-22 01:40:11,#Promote your upcoming #album on #ArtistRack https://t.co/rO4IjuIqm4 and get a #shoutout on #Instagram #Twitter #Facbook #music  #SPOTIFY #SPOTIFYPLAYLIST #MUSIC #MUSICPROMO #EDMMUSIC #EDMMUSIC #POPMUSIC #HIPHOP #HOUSEMUSIC https://t.co/P7ckES6XWJ,0
20,1263645801902997511,tweet,2020-05-22 01:40:11,#Promote your upcoming #album on #ArtistRack https://t.co/ulYlcRKK8P and get a #shoutout on #Instagram #Twitter #Facbook #music  #SPOTIFY #SPOTIFYPLAYLIST #MUSIC #MUSICPROMO #EDMMUSIC #EDMMUSIC #POPMUSIC #HIPHOP #HOUSEMUSIC https://t.co/MDGPj8gqAU,0
19,1263629941783945219,retweet,2020-05-22 00:37:09,Thats why we are encouraging everyone to retweet their posts. I‚Äôve made a thread on it. And also visit their Wikipedia and like their posts on facbook and share it!üíñ This will give us a big chance to enter BBS50 next week,0
18,1263625595679842307,retweet,2020-05-22 00:19:53,Thats why we are encouraging everyone to retweet their posts. I‚Äôve made a thread on it. And also visit their Wikipedia and like their posts on facbook and share it!üíñ This will give us a big chance to enter BBS50 next week,0
17,1263623027088076800,tweet,2020-05-22 00:09:41,@realPolitiDiva Insta = facbook so expect more censorship.,0
16,1263621886715539459,retweet,2020-05-22 00:05:09,Thats why we are encouraging everyone to retweet their posts. I‚Äôve made a thread on it. And also visit their Wikipedia and like their posts on facbook and share it!üíñ This will give us a big chance to enter BBS50 next week,0
15,1263621590513664002,retweet,2020-05-22 00:03:58,Thats why we are encouraging everyone to retweet their posts. I‚Äôve made a thread on it. And also visit their Wikipedia and like their posts on facbook and share it!üíñ This will give us a big chance to enter BBS50 next week,0
14,1263619301573099525,tweet,2020-05-21 23:54:53,Dual streaming on Twitch &amp; Facbook  Links below. Come by chill &amp; chat :)  https://t.co/3DSV7B5NVd  https://t.co/gmqjDschSq,0
13,1263617628880408576,tweet,2020-05-21 23:48:14,#Promote your upcoming #album on #ArtistRack https://t.co/ulYlcRKK8P and get a #shoutout on #Instagram #Twitter #Facbook #music  #SPOTIFY #SPOTIFYPLAYLIST #MUSIC #MUSICPROMO #EDMMUSIC #EDMMUSIC #POPMUSIC #HIPHOP #HOUSEMUSIC https://t.co/Fg6KNYqO7c,0
12,1263617625357246466,tweet,2020-05-21 23:48:13,#Promote your upcoming #album on #ArtistRack https://t.co/rO4IjuIqm4 and get a #shoutout on #Instagram #Twitter #Facbook #music  #SPOTIFY #SPOTIFYPLAYLIST #MUSIC #MUSICPROMO #EDMMUSIC #EDMMUSIC #POPMUSIC #HIPHOP #HOUSEMUSIC https://t.co/JU0QD34tTE,0
11,1263615675337072640,retweet,2020-05-21 23:40:28,Thats why we are encouraging everyone to retweet their posts. I‚Äôve made a thread on it. And also visit their Wikipedia and like their posts on facbook and share it!üíñ This will give us a big chance to enter BBS50 next week,0
10,1263614380974854146,retweet,2020-05-21 23:35:19,Thats why we are encouraging everyone to retweet their posts. I‚Äôve made a thread on it. And also visit their Wikipedia and like their posts on facbook and share it!üíñ This will give us a big chance to enter BBS50 next week,0
9,1263614066276175872,tweet,2020-05-21 23:34:04,Thats why we are encouraging everyone to retweet their posts. I‚Äôve made a thread on it. And also visit their Wikipedia and like their posts on facbook and share it!üíñ This will give us a big chance to enter BBS50 next week,0
8,1263599066258255872,tweet,2020-05-21 22:34:28,WIN IFRMATION TO RERVEGE MISON 1 TMALA SON MY FACBOOK FIRNDS ENEMIES FALEN NASA YES RICH PRION LIVE FORM ALIEN COLOBIA LEVEL2 OF SATANAS MORE EVIL BETA QIE GENIUS NOT ALIJEN BETA GERGIAN BETA  ENGEERING WARS UNVERSES GENESISBLEZEBU COLMENAS GALXIES ALIEN INSECTS NEXT APOCALYPSIS https://t.co/kh3sVcUzuj,0
7,1263595059984781314,tweet,2020-05-21 22:18:33,"Reposted from @spankenstyne Join us tonight at 7pm mst for a physically distanced Facebook Live, gonna be a blast!  #cornelsworld #cornelsworldstyle #socialdistancing #physicaldistancing #facebooklive #facbook‚Ä¶ https://t.co/IOz5nIGaKI",0
6,1263590081136226305,tweet,2020-05-21 21:58:46,Support my page facbook guys https://t.co/2sWaiyWuYX,0
4,1263586716360642563,tweet,2020-05-21 21:45:24,#Promote your upcoming #album on #ArtistRack https://t.co/rO4Ijv01dC and get a #shoutout on #Instagram #Twitter #Facbook #music  #SPOTIFY #SPOTIFYPLAYLIST #MUSIC #MUSICPROMO #EDMMUSIC #EDMMUSIC #POPMUSIC #HIPHOP #HOUSEMUSIC https://t.co/wH7AdO6y9Y,0
5,1263586719409926149,tweet,2020-05-21 21:45:24,#Promote your upcoming #album on #ArtistRack https://t.co/ulYlcS2l0n and get a #shoutout on #Instagram #Twitter #Facbook #music  #SPOTIFY #SPOTIFYPLAYLIST #MUSIC #MUSICPROMO #EDMMUSIC #EDMMUSIC #POPMUSIC #HIPHOP #HOUSEMUSIC https://t.co/IgdTMo1cWu,0
3,1263582436018892801,retweet,2020-05-21 21:28:23,". Our final video from our guest speaker, @CassHowes , chaplain @uniofbeds &amp; Chair @BcofBedford , a message of hope on 'how will the Earth look like in 10 years time'. To see more video from our Virtual Iftar, check out our facbook page @QPCOBEDFORD #Ramadan2020 #RamadanAtHome https://t.co/9hVNthyPDh",0
2,1263569543072530435,tweet,2020-05-21 20:37:09,"Pro tip: While stalking use left hand on Twitter, right hand in Insta and place your thumb in centre for facbook. https://t.co/Q0Hj2KvZdk",0
1,1263557989778231297,retweet,2020-05-21 19:51:15,#Promote your upcoming #album on #ArtistRack https://t.co/rO4IjuIqm4 and get a #shoutout on #Instagram #Twitter #Facbook #music  #SPOTIFY #SPOTIFYPLAYLIST #MUSIC #MUSICPROMO #EDMMUSIC #EDMMUSIC #POPMUSIC #HIPHOP #HOUSEMUSIC https://t.co/W1syLMsJxJ,0
0,1263557954772574210,retweet,2020-05-21 19:51:06,#Promote your upcoming #album on #ArtistRack https://t.co/ulYlcRKK8P and get a #shoutout on #Instagram #Twitter #Facbook #music  #SPOTIFY #SPOTIFYPLAYLIST #MUSIC #MUSICPROMO #EDMMUSIC #EDMMUSIC #POPMUSIC #HIPHOP #HOUSEMUSIC https://t.co/xOI1Z4FUoq,0
